id,score
1,8.483258226970399
2,9.344557016131596
3,7.234078769607207
4,9.167919830106568
5,8.399700273263418
6,7.991087190034276
7,7.164920616111862
8,6.987811087177377
9,8.329894356933817
10,9.466017710566016
11,8.38637717477804
12,6.192788052887453
13,8.493616937804074
14,8.498701549313976
15,6.960241438535039
16,6.964126750524065
17,9.674837493217787
18,8.769921174522302
19,6.6943873411523365
20,8.094359669732203
21,8.897328683251146
22,2.9134488910954595
23,7.6792161024681675
24,10.0
25,8.797409968563699
26,8.308679160550277
27,5.438414631061811
28,9.18695973087821
29,8.971068745830852
30,7.6163154185145014
31,8.341948284388002
32,10.0
33,9.299698165448643
34,6.9366934637192035
35,10.0
36,7.979243897827013
37,10.0
38,9.88911629645561
39,9.376010908024533
40,8.95792588943899
41,10.0
42,8.84915998310256
43,5.854004673017068
44,8.73939166706333
45,7.749140874463632
46,8.98132185332574
47,7.439556859071368
48,8.645910296161274
49,6.771805081659659
50,6.146002891728698
51,8.556753317495929
52,7.361605886435132
53,8.73709246037253
54,7.439937928481923
55,8.49177167710064
56,10.0
57,8.828163271011345
58,8.143484972859717
59,6.237584998336496
60,8.447283342714327
61,8.495538907446988
62,6.98221867003612
63,7.075286963180731
64,8.685680292784324
65,6.012984333131383
66,7.507079383767616
67,9.710912666622324
68,6.460105310540163
69,7.876855123089015
70,4.902239658782287
71,8.063109465513673
72,3.225467092326495
73,10.0
74,6.666862933066947
75,3.0998985892299196
76,8.720103964522139
77,9.37628990756227
78,9.534497593414773
79,4.748494141823807
80,4.884030313775963
81,10.0
82,10.0
83,6.737221745101548
84,9.694729113792928
85,8.324055443699038
86,7.558340487009158
87,7.925813602998236
88,7.113488717383941
89,6.629088958934272
90,7.6805243172647
91,6.532326418722873
92,9.203426857513591
93,4.37872427953924
94,7.276966416349005
95,10.0
96,5.204961174837273
97,8.074600492766397
98,8.75759026022811
99,8.43055110083565
100,8.445498975272715
101,7.938318903722504
102,6.381863146795778
103,10.0
104,8.354201995912097
105,7.9050555754236616
106,6.638303804233118
107,9.693759135051273
108,6.5869616305428735
109,6.524707377782601
110,8.66727454374243
111,8.355380093350796
112,8.831513070253127
113,3.172200993609664
114,7.666007475845063
115,5.431844117228163
116,7.784191887570588
117,6.4764735883467495
118,9.069033949442126
119,10.0
120,10.0
121,9.080824351564488
122,4.547502228393787
123,4.993489579083523
124,7.036126726840043
125,5.064402917655569
126,5.9972391053417455
127,5.543941965192477
128,9.99441163487869
129,9.758399433087748
130,6.430643744869046
131,9.26846845445763
132,8.59727193719272
133,9.636571081611814
134,7.846642792240232
135,8.593717916897553
136,8.05945810032966
137,10.0
138,7.332071044821621
139,7.079842656453362
140,8.066615799629238
141,7.447873627771893
142,8.43883993774653
143,9.89869174887031
144,7.508966518454301
145,5.785907527668167
146,10.0
147,7.742792672843833
148,9.19979299709007
149,8.665606869747062
150,7.53783862299206
151,9.168372853004845
152,9.331425941331286
153,6.510877726678435
154,9.225997781772831
155,8.827483751339647
156,7.840307977573422
157,6.979631127149133
158,8.912967317394195
159,10.0
160,6.823424693317131
161,7.40892764729326
162,8.955730820878726
163,7.371043832098739
164,8.811494117560118
165,7.784381503776229
166,10.0
167,8.311061568070912
168,7.247182813764546
169,9.220567634729
170,4.889172472603416
171,8.894698743529943
172,8.82632441596531
173,10.0
174,8.968450562928053
175,7.461075908534418
176,6.0113948307159735
177,4.355663614669194
178,6.488219825429515
179,4.310180523589715
180,9.674912291367793
181,4.545850539658506
182,6.661920557264615
183,9.022950382852956
184,8.84395624715422
185,5.962158458612208
186,9.449454740582803
187,9.78998354857286
188,4.783196461498077
189,8.05513627748867
190,7.610259653185436
191,8.184570359832719
192,6.2254986292358065
193,8.714999725947212
194,7.334039909660137
195,9.381892473313634
196,10.0
197,10.0
198,9.215675948632743
199,8.42697254126913
200,9.762420748234684
201,10.0
202,7.9640422997326
203,7.385662627041405
204,9.999738209041972
205,7.513587173027025
206,9.883497111443802
207,5.461644061689611
208,7.612330052793716
209,9.254807052445477
210,7.807967878520849
211,10.0
212,10.0
213,6.554558052353203
214,6.786586593462751
215,2.6372936052922356
216,7.3212148247808315
217,8.48075928697833
218,7.857158617260511
219,9.770696960258872
220,6.0744081604963
221,7.787686062910035
222,8.024713063700702
223,9.330844370836438
224,8.818433841000905
225,8.73376220296201
226,9.734481083422867
227,7.404284056364219
228,9.130076693855383
229,7.77759217845149
230,9.411429904284537
231,8.554706522107564
232,6.239752451569302
233,5.702799228447463
234,7.6571024314094025
235,7.249498629489027
236,6.69636977973415
237,8.23436921506232
238,7.217169463744609
239,4.797665578953253
240,9.154053230124717
241,3.3649553424122622
242,9.65240140559042
243,7.549967485744914
244,9.16046266134536
245,6.1232741273638505
246,5.119555398990481
247,7.025079447711795
248,8.848586660144097
249,9.70722166634922
250,5.077711422673079
251,7.564695623948484
252,9.957676384188758
253,8.597029403803369
254,9.782379857415123
255,5.61279641895465
256,6.450437674113077
257,9.20749408189899
258,9.50689684107393
259,4.806686124488492
260,9.352418887289172
261,8.997060809788978
262,7.376408327826211
263,10.0
264,9.081645002419364
265,6.08870100120633
266,6.778521051568912
267,8.434247781677962
268,8.60017846383837
269,8.56466258469362
270,9.217827642129478
271,6.137881932328055
272,6.655013179937139
273,6.346821134020887
274,7.661193135337042
275,9.471568562057058
276,8.75827250320998
277,8.684454023241209
278,8.686480129407247
279,7.033650722896944
280,10.0
281,9.29554750216655
282,6.63165577659633
283,8.357182430480535
284,8.377458333174603
285,6.626178505325237
286,8.264880458191518
287,10.0
288,8.70775047207039
289,10.0
290,6.404714588210329
291,5.647199076054395
292,6.881388151566419
293,6.570693001645565
294,10.0
295,8.141556737589905
296,9.723649999151391
297,8.39303262869478
298,10.0
299,6.2394947358850725
300,9.538893560331873
301,9.749700830803015
302,10.0
303,6.846946026467933
304,9.014748635605933
305,9.114286954869987
306,10.0
307,9.599095725430548
308,8.273459756516967
309,7.168376088911764
310,7.675626091389935
311,5.265872486647323
312,8.672541475877276
313,9.718542300944547
314,10.0
315,5.8065343504466504
316,5.58086548346623
317,7.932526285010107
318,9.528011557166222
319,7.851493959961261
320,3.491027862737008
321,7.683151828207087
322,9.050434079141201
323,6.163310429401257
324,6.701290442785448
325,6.699589770230007
326,10.0
327,8.540887921910171
328,7.721532406036543
329,8.502055232119579
330,10.0
331,9.207144467159091
332,8.913340729068501
333,8.22066849987924
334,9.871929436945857
335,9.192622514602252
336,8.80437759510521
337,7.914815820552738
338,10.0
339,8.148462396284136
340,8.782489615441948
341,6.900456495656799
342,7.843361362243485
343,7.494081298148947
344,9.673956437282387
345,6.5990952668290905
346,7.725732982555667
347,10.0
348,10.0
349,7.911113957936212
350,5.184523506030484
351,4.73511312857851
352,7.096680783593822
353,7.561102690805441
354,9.558842697359758
355,7.385122407501366
356,2.711049612286706
357,10.0
358,8.48399021355495
359,9.623578326561633
360,10.0
361,7.570025573833553
362,9.17400630857262
363,3.8030876905538804
364,5.5991443332151105
365,9.07776163281627
366,9.501015071421978
367,8.264170930736904
368,8.453484046088812
369,9.539696750789336
370,8.813670204877763
371,7.684565053625667
372,8.293651317827349
373,7.806447847272327
374,10.0
375,8.170898012838787
376,8.143613004285237
377,9.180605945580934
378,10.0
379,9.56193229362248
380,6.143106125565945
381,5.899100208493229
382,6.128913236574895
383,9.324961357966973
384,8.680407094715584
385,6.298449907682979
386,8.551183818603631
387,8.957553229997579
388,7.668411891371735
389,7.391318002239219
390,8.225242010081832
391,6.6492894139221494
392,8.565593036918457
393,9.090561544286016
394,8.663021036213323
395,8.952753115608926
396,8.706203244750629
397,6.3976873986005796
398,9.246995486717825
399,9.520343949294421
400,10.0
401,7.708050647568542
402,6.7501974473682615
403,10.0
404,5.9899111148075965
405,5.883202934659563
406,8.2562166006127
407,4.293934590691039
408,6.441484790787099
409,6.018216057679918
410,8.820292930725333
411,10.0
412,8.141258331741769
413,7.593796998911115
414,10.0
415,7.238898991773797
416,8.651508620052736
417,10.0
418,6.589594664733668
419,6.206509222028259
420,8.28771475772939
421,4.886093258047222
422,6.747170837269499
423,8.799500748977254
424,9.100144747867368
425,7.825903395418736
426,10.0
427,7.567506710154552
428,7.852692993988372
429,6.7324765627751395
430,8.105238347205741
431,7.183133593910421
432,8.766871479552227
433,9.25247193712619
434,8.503318912704287
435,5.52983083566706
436,4.680242503847715
437,10.0
438,10.0
439,7.795356951725719
440,8.035929626101197
441,7.8939016968255675
442,6.008945835209451
443,10.0
444,8.2491489221394
445,4.891550152187383
446,9.21713057903127
447,8.47642859060694
448,5.320579457762609
449,8.541747589584793
450,6.034206129674773
451,9.470403044845268
452,6.300325114115194
453,8.51409614916919
454,9.55304642044096
455,3.9348548855265335
456,6.974355806455913
457,9.91064561477389
458,6.180779627814774
459,8.61215859444477
460,8.711228310364373
461,9.2355749059994
462,6.492103570758539
463,3.460845190151467
464,8.884712174161509
465,6.184717060476167
466,7.119217457228654
467,8.342890000526772
468,9.884256903319514
469,10.0
470,8.758503993419176
471,7.945483458094194
472,8.52635042873286
473,6.407620794672919
474,8.480409432012948
475,8.381246077860325
476,7.2348519354717045
477,6.212319115931564
478,8.372115897550584
479,5.4202896705018375
480,5.37932380868946
481,5.417312981142878
482,7.425350972043175
483,8.196333003426274
484,9.09063286102535
485,6.554360383319057
486,8.05513627748867
487,6.768182923202065
488,9.472979200280143
489,9.404403427655122
490,8.974643071684175
491,6.737637880947863
492,8.964361701804247
493,8.403196051773193
494,5.5974569371949485
495,7.246654339830295
496,10.0
497,7.029768910283488
498,8.01056510128097
499,8.025763866876394
500,6.427937575629199
501,6.943605002765224
502,10.0
503,6.244916962652513
504,10.0
505,7.250790722089757
506,8.066271983930342
507,5.734134745565855
508,5.985005960835925
509,8.840236719497335
510,9.472133230941623
511,9.626804464623202
512,9.340287082710201
513,8.72212131059547
514,5.489474038535436
515,8.511498346239192
516,8.969687136931817
517,10.0
518,8.527876461539268
519,10.0
520,6.416830520853196
521,9.26550590834457
522,9.998479854761555
523,7.402927485176862
524,9.205396466473594
525,9.138286453658154
526,9.058578054091921
527,5.343462157179337
528,7.491807381654051
529,10.0
530,6.648845228384568
531,7.211517807566077
532,8.43809934795563
533,9.160715249104637
534,5.144699514403274
535,9.078394739724557
536,8.704097031934456
537,4.04344325879741
538,10.0
539,8.273582757886153
540,7.858168564326979
541,8.573560393182596
542,9.243020169787163
543,6.413027238834864
544,7.550268266092637
545,8.970438302628965
546,3.2776957993475513
547,10.0
548,8.551307544198334
549,8.254710508639542
550,6.793759767419269
551,9.520160612888587
552,6.111248925112838
553,7.690422281647011
554,6.166577396502363
555,5.904336807040966
556,6.450958045408581
557,10.0
558,9.895867091886103
559,9.208846889319329
560,7.445679134333636
561,6.721418192619261
562,6.0444974038214
563,10.0
564,8.068867511561342
565,7.967795750418484
566,7.073202640546848
567,10.0
568,7.8565521451484965
569,10.0
570,10.0
571,6.85292644811677
572,9.223799425053661
573,6.7596074410126885
574,9.084457446680608
575,3.914700611684925
576,6.5068986729149465
577,6.556716523584258
578,8.892650786863236
579,8.47400564833887
580,8.272099730186667
581,9.402096071489058
582,8.704018564183034
583,8.629512845759336
584,7.459515564986618
585,9.137914398770498
586,8.421097633229817
587,5.285761559650792
588,8.758000295508781
589,8.641014106680531
590,5.6975668639652985
591,9.149839290594922
592,8.947994128998122
593,10.0
594,5.458197484201935
595,10.0
596,8.207974625932295
597,9.975979906196823
598,5.329012552685727
599,10.0
600,8.721867764279509
601,9.30074379248434
602,7.81883932020593
603,8.999973301906738
604,4.819941249348586
605,4.728526218040086
606,7.321847991234714
607,9.210849008536194
608,8.202856978886926
609,6.998565976905004
610,10.0
611,9.059948308813963
612,5.158400614025538
613,9.440268415701677
614,9.151974306030109
615,6.570618848855739
616,5.230978141104909
617,6.945258948084362
618,7.881946345505117
619,9.266635501739813
620,3.0197775075887874
621,6.476457193674975
622,10.0
623,7.6439732439824395
624,9.506078894273
625,7.887290061661394
626,10.0
627,6.256158162198606
628,7.18210941777698
629,9.474042995533143
630,10.0
631,7.791690165780378
632,8.251191510507947
633,6.855683993523081
634,9.904282166374038
635,7.790098356574477
636,8.223522977590044
637,9.379978712709073
638,9.81995001394833
639,8.463482907304122
640,9.866572582380797
641,5.394843213097099
642,5.53741019197188
643,9.022304920768281
644,5.456253261194204
645,7.98062116738108
646,10.0
647,10.0
648,9.143092747349497
649,7.503922064401602
650,9.132829677727978
651,7.689694177492017
652,9.29176776560216
653,9.77368073407625
654,9.272338245105047
655,7.921612454010427
656,9.761460410833212
657,6.535814807162118
658,10.0
659,9.71528165663505
660,10.0
661,7.744868050204486
662,9.279819535526793
663,7.0537273304421415
664,3.9759186323450653
665,8.322778238182108
666,6.513048852533869
667,6.8577373839353815
668,7.610699435921578
669,6.940195984916354
670,8.649645598981259
671,10.0
672,6.251787408134392
673,7.305141367579425
674,8.16464664338374
675,8.052972517440661
676,6.954629766214009
677,8.677572771960186
678,8.137834887042267
679,7.198841290027511
680,9.822453030939256
681,8.618641759272535
682,8.042749999802636
683,9.099225043974466
684,7.63003654235429
685,9.684198422298826
686,8.58267755255531
687,9.26875091946876
688,3.3296378279110233
689,4.647548882373682
690,8.169034519082992
691,10.0
692,8.895225923483126
693,8.464430878901718
694,8.289769670587676
695,9.84104002086203
696,5.717509396811193
697,6.869149663319019
698,9.413426269438295
699,9.010526630055853
700,8.449461641216786
701,10.0
702,9.2265191225308
703,4.753883485950048
704,10.0
705,2.9251587342187504
706,7.478533408293609
707,10.0
708,9.752940836042743
709,4.92796770352648
710,6.799493058717083
711,6.707098566456498
712,7.200487545216726
713,9.119175251624757
714,8.463673158046065
715,6.697646327653082
716,8.568014444777315
717,7.891055598318639
718,8.21109611373166
719,10.0
720,9.221388455220259
721,9.838947876413675
722,10.0
723,8.088181706671989
724,10.0
725,5.139115743842993
726,6.772903119829837
727,8.701663493880488
728,7.495388703220069
729,8.51745509861686
730,7.40029880166464
731,9.264455081580346
732,10.0
733,7.915040677096167
734,8.459527650521736
735,10.0
736,10.0
737,6.659752775069091
738,8.513555512594127
739,7.806364593955318
740,4.284250847281067
741,5.132974731431694
742,7.919154762476515
743,9.04798285460338
744,8.312288112739832
745,7.625988082665843
746,10.0
747,9.330943427288847
748,10.0
749,8.63378413020606
750,7.002373433688301
751,7.11991861093704
752,8.927062607869512
753,8.96917695944334
754,9.312566848179555
755,6.316214070977702
756,10.0
757,6.673269429589686
758,7.959478648584303
759,8.275662674107215
760,7.952315601813538
761,8.58640391004602
762,9.43063286062463
763,6.056602478452628
764,4.998281147911699
765,8.386862905996736
766,10.0
767,9.02283736617672
768,7.644241888790665
769,6.747261542227918
770,6.035314077956901
771,8.685097843162678
772,7.844686159730314
773,10.0
774,7.759911744113885
775,4.48914856478739
776,10.0
777,10.0
778,7.921537512726513
779,9.631526807557108
780,8.93154625112464
781,8.661753579233162
782,7.056748668779809
783,10.0
784,6.678726049985698
785,10.0
786,9.366590579877084
787,7.131092799480244
788,10.0
789,7.237583323366575
790,7.9708223941950855
791,7.1022103764359485
792,10.0
793,9.474294752785319
794,10.0
795,6.476137238958872
796,6.249902031670819
797,7.208963334911639
798,8.010644754429954
799,8.478186509072058
800,8.372650501805797
801,9.443808933372953
802,6.713205312843304
803,6.427633426563652
804,7.35263238201477
805,5.400337800182996
806,8.796281939807937
807,6.6814014428138595
808,8.342615242919802
809,10.0
810,8.553804921385701
811,8.900339786703755
812,8.260073296404517
813,4.093909652518163
814,5.041672827929078
815,9.180526434223584
816,7.443341168941915
817,6.984884931078479
818,8.60387905190542
819,6.12853762799198
820,8.35152535792032
821,4.87816827474469
822,9.553466802099747
823,7.53755171891372
824,7.713058317810641
825,5.66695723032001
826,10.0
827,8.161815872257463
828,8.016748449037138
829,8.088955105421803
830,7.643437697634075
831,4.743508244308448
832,9.235071387127519
833,10.0
834,9.571160951732988
835,6.335531306251832
836,9.428395160870057
837,9.094662864867617
838,6.857110309981454
839,7.639431685482717
840,9.871690148287048
841,7.036138686377687
842,4.239799899006732
843,8.300417176746677
844,2.9623152222964775
845,5.9186375979588055
846,6.6467882457702885
847,5.653725578096331
848,8.165042347169729
849,10.0
850,9.386818169667533
851,9.730381662223262
852,10.0
853,9.033019336983479
854,6.394398912476455
855,5.144284083348266
856,7.6633265573718266
857,8.29304798201042
858,7.428591681100457
859,8.773626832259112
860,7.544297588313693
861,5.564561043905992
862,8.16154251599626
863,8.455725241347084
864,7.426897723183332
865,9.613528372888844
866,8.4412206417081
867,5.304173439341991
868,7.592242035317344
869,8.982305992586074
870,4.795844693069158
871,10.0
872,8.56485860195752
873,6.928647641767407
874,7.59913241738565
875,6.341621762636601
876,10.0
877,3.014410927556627
878,8.540854125085522
879,5.7141674790046615
880,10.0
881,7.587693204912157
882,9.832480641229395
883,5.5629646414897405
884,7.409370489182569
885,8.678852455375011
886,8.969640481740514
887,7.781305456441051
888,7.403049278157635
889,5.772265256855462
890,7.472752029503684
891,6.460130565717962
892,7.456203153036613
893,7.3308936472111945
894,7.624219165343025
895,7.5907551672934375
896,6.789162931220579
897,8.754209166190513
898,7.901370753777243
899,7.709872420353704
900,4.037955568419565
901,5.8626978142189845
902,10.0
903,8.221044850141475
904,8.268557464037114
905,6.814588420257915
906,6.934605643007977
907,4.337006572459098
908,8.504524804036425
909,7.526362894464394
910,7.6273317745634035
911,6.880876563846891
912,6.062781379963054
913,7.2528499063437115
914,8.70006414237832
915,9.948898423259482
916,8.571179023636748
917,7.983948750935365
918,7.5410267668386
919,7.575695959557562
920,8.028095375971894
921,7.043183586979509
922,7.819319482667735
923,6.755669296368156
924,9.024433006590218
925,9.455898786076865
926,5.830320854408269
927,8.766358464644696
928,6.305463767495684
929,7.336418071372147
930,6.2011965979408465
931,9.325950924190051
932,9.55952820357283
933,6.055439948131204
934,10.0
935,6.853592346069379
936,8.99758406547139
937,9.519785013306734
938,9.991724758625615
939,6.122686123240481
940,6.324472387993213
941,7.922415210426272
942,3.7969111211445004
943,9.185769617682864
944,9.622371403802372
945,5.630585214452483
946,7.729163907297929
947,5.329277795099092
948,8.820606408747938
949,8.385654656628462
950,7.76181991732103
951,8.753688267568085
952,7.2605318123133396
953,2.529340113979284
954,7.730150950583372
955,7.6145537477846155
956,6.7820218044286165
957,6.909073720268536
958,10.0
959,8.08160666161663
960,7.8993681984039155
961,10.0
962,5.951764719532237
963,8.994940290304006
964,7.435600906749079
965,10.0
966,4.828734924662221
967,7.261858241936238
968,6.8006908183577135
969,9.147715802727173
970,9.681189069837632
971,9.007840271070085
972,9.810545137998197
973,7.137835610598055
974,9.202188690514909
975,10.0
976,8.881876932221097
977,7.913768706292751
978,8.518180710745522
979,8.922703381269804
980,7.081540484594919
981,7.19578340286237
982,9.596947302203269
983,9.31179022733047
984,5.540958795496987
985,5.303459489803645
986,9.542773304157725
987,7.646943924089219
988,5.098070614383493
989,8.529637512250009
990,6.5072821987767675
991,5.404222848846453
992,8.844234087979697
993,8.058049519498834
994,8.707173968808291
995,7.977424930369594
996,7.3674163623726985
997,6.688768480083619
998,8.285661677383384
999,10.0
1000,8.851943402461977
1001,6.356661855437938
1002,5.621913363191057
1003,9.19598772006876
1004,7.982199686793985
1005,8.514063504348126
1006,9.025244581310151
1007,9.208185313713834
1008,8.286632778934003
1009,10.0
1010,9.472277923992712
1011,6.584149534321927
1012,10.0
1013,8.455899712345438
1014,10.0
1015,5.595299822269483
1016,10.0
1017,8.039492715504757
1018,8.80418039290861
1019,8.608461799774403
1020,10.0
1021,5.90986916752419
1022,6.720787520379663
1023,10.0
1024,7.584282827064962
1025,10.0
1026,9.752768376442035
1027,8.362848166971315
1028,10.0
1029,9.754345176641431
1030,8.681033676187436
1031,7.799091460694637
1032,5.892849712803507
1033,7.944274535826581
1034,9.993973356774816
1035,10.0
1036,5.445432429705502
1037,5.602663965337393
1038,9.964341736853935
1039,7.861069606391013
1040,8.818443812466848
1041,10.0
1042,3.585449814474634
1043,7.372866027239978
1044,8.027357466917849
1045,6.681993090216995
1046,9.552583711692964
1047,8.185117900783215
1048,4.3301243238721465
1049,8.466417796176223
1050,8.37623110143046
1051,7.0202202368528885
1052,9.111490307874371
1053,9.46511701267865
1054,4.469116076702887
1055,7.010693247326438
1056,6.163637088937958
1057,9.62833742692241
1058,10.0
1059,10.0
1060,9.740778776741742
1061,10.0
1062,9.085103516205608
1063,10.0
1064,5.010028425751006
1065,9.803434694898522
1066,5.184008613247347
1067,6.552117489532552
1068,10.0
1069,5.960855605223163
1070,6.08744782486387
1071,7.441542714475335
1072,9.755665843499264
1073,5.17644050218251
1074,10.0
1075,9.58188138474173
1076,8.253001023422057
1077,8.977043635090547
1078,7.532470551726009
1079,8.968383264320023
1080,6.483026406672726
1081,5.7458842382088715
1082,5.741968606139993
1083,7.737669751030515
1084,6.018041500202344
1085,7.11281003978063
1086,8.260977436316706
1087,8.632717694975153
1088,6.231115400047067
1089,9.301299447043137
1090,8.652185068838616
1091,7.484022506478933
1092,10.0
1093,6.327087904718383
1094,6.8971515641317165
1095,6.541672357915863
1096,5.656592881261849
1097,6.371245305507442
1098,5.58034294879066
1099,8.520387394345276
1100,9.12477064980448
1101,9.561776238352802
1102,9.665687434691014
1103,5.454468190164974
1104,6.924047313713364
1105,7.6057762250944485
1106,9.068879430136844
1107,7.436939304566928
1108,7.624144550977487
1109,6.481189994839363
1110,10.0
1111,7.804309771152173
1112,8.713047068885684
1113,7.320107596451695
1114,6.7873726501877005
1115,7.95161822045219
1116,7.5819582568623956
1117,7.300589479934688
1118,6.478937827573789
1119,9.224677791807872
1120,9.609275648439846
1121,8.547186856127954
1122,8.593537071013502
1123,7.251998816264809
1124,6.7934681724675485
1125,10.0
1126,7.071777143914527
1127,9.2857943685892
1128,8.105635078973515
1129,7.511079371545872
1130,4.977571630661929
1131,6.919435700750036
1132,6.5210316310764735
1133,6.980073742907929
1134,8.589557426272119
1135,6.926786962277293
1136,9.511529783491895
1137,5.229208781023946
1138,6.47967856527732
1139,6.092272296754458
1140,9.814221618480971
1141,7.499481730868542
1142,7.094126892076963
1143,7.476357044648205
1144,5.889260807177473
1145,4.389820985072934
1146,4.308910808233213
1147,8.188243949761908
1148,8.710261587286071
1149,9.05725190375807
1150,7.621371509968947
1151,5.378263092486796
1152,8.878079378173721
1153,8.833443935273149
1154,5.623810237255171
1155,9.257134448381352
1156,5.147323769034373
1157,6.317248056362765
1158,10.0
1159,6.43536778422041
1160,6.115096450057308
1161,9.048120922869302
1162,8.874325690895084
1163,7.603813812616693
1164,5.214023482387864
1165,10.0
1166,10.0
1167,9.141974126734059
1168,8.709773094341173
1169,8.780827300443512
1170,7.693820232949847
1171,10.0
1172,7.196592957613385
1173,6.377996722402095
1174,8.711841716287122
1175,8.0371974742728
1176,5.9779514999784915
1177,8.644329873886939
1178,9.434421755866968
1179,5.730348534457112
1180,6.937980936073271
1181,6.977936966609175
1182,9.446184272404219
1183,8.063904458441236
1184,7.142389682613823
1185,8.14934767310358
1186,6.769461397111213
1187,9.93638423123007
1188,8.813533240957943
1189,4.3970573657250895
1190,9.099077680490286
1191,10.0
1192,5.854157791145492
1193,8.12884308833266
1194,5.814390357946149
1195,10.0
1196,5.428733148804131
1197,5.894655459513958
1198,9.499676884908741
1199,10.0
1200,8.218959698223902
1201,5.808916015345592
1202,6.097990982891721
1203,5.593362456480426
1204,8.996293454991923
1205,10.0
1206,10.0
1207,9.897127432467583
1208,4.8686707019419995
1209,6.836836673862879
1210,7.157057077768389
1211,6.221824501854711
1212,9.107823147683268
1213,8.142150439891942
1214,4.910266793422513
1215,8.728716152723425
1216,8.612633049628037
1217,6.957609383611631
1218,5.86529159935461
1219,7.2273521579061235
1220,5.790311236174418
1221,9.31063898027041
1222,8.961701537122247
1223,8.743391020761582
1224,8.312848982927179
1225,6.978311457620103
1226,5.881942839271153
1227,8.445411852860765
1228,9.264300658258758
1229,8.987994943077759
1230,6.285111800598096
1231,6.431660036489687
1232,10.0
1233,7.1879936203393875
1234,7.877807034519757
1235,4.883769142951348
1236,7.920913100993838
1237,7.67251160489895
1238,9.484620532782342
1239,9.285864705327343
1240,9.391557261813706
1241,8.569899430623586
1242,9.10137003555852
1243,5.2727552070642005
1244,8.844808186660522
1245,7.217082823325743
1246,10.0
1247,9.487543196956858
1248,10.0
1249,10.0
1250,6.716497217240255
1251,8.308393175307081
1252,8.714451071684527
1253,8.622508150776241
1254,5.788955086898181
1255,5.819424112448992
1256,10.0
1257,7.237753913272122
1258,7.823993778515042
1259,7.8489885356567495
1260,8.12112287267325
1261,6.729418705253503
1262,8.818951414365745
1263,6.668467380240555
1264,7.88860387790759
1265,9.745371181262964
1266,6.769828691903347
1267,7.893791555517844
1268,9.588006113764786
1269,9.51797907427175
1270,7.707324044239201
1271,9.864214091207558
1272,10.0
1273,8.861888149329852
1274,7.960210937923025
1275,7.263099726515755
1276,9.380958248179885
1277,10.0
1278,7.855358976466767
1279,8.778027832709174
1280,6.324853843948812
1281,8.723451802540305
1282,8.31361573762553
1283,7.605924799839279
1284,7.744497989647171
1285,6.876392193596097
1286,10.0
1287,5.048965798980827
1288,6.66277245096224
1289,7.1312201321747555
1290,6.1296457939484705
1291,4.6646336768792995
1292,8.834374806977753
1293,7.859455951607785
1294,3.0570447210004055
1295,8.976576186636066
1296,7.679019462947579
1297,5.938226569689165
1298,9.101138433976251
1299,10.0
1300,9.530582587300954
1301,10.0
1302,7.949060255527842
1303,9.949477678124603
1304,6.049688238224337
1305,9.26195128132018
1306,7.888785086183879
1307,9.62353589285026
1308,6.014073000436717
1309,2.8501659621774262
1310,6.5090305908071
1311,5.809080533960152
1312,5.743803075679462
1313,8.440885685979316
1314,7.252079934149428
1315,10.0
1316,2.202350395823313
1317,7.360373785790182
1318,8.299752757205667
1319,9.267271134666428
1320,7.00853977480629
1321,5.62025716860683
1322,4.208657793981367
1323,7.446171290567207
1324,2.752283425017252
1325,6.663852344350271
1326,8.39444201167437
1327,8.035555818491916
1328,8.413652625792649
1329,9.226006192735603
1330,9.031054536747684
1331,9.13266254491144
1332,8.23818980776061
1333,10.0
1334,5.517276877372156
1335,8.180690083181576
1336,10.0
1337,4.690368205672767
1338,5.790710048280209
1339,7.522934515527782
1340,5.4431759682349
1341,7.855654771572487
1342,10.0
1343,8.854845446076654
1344,5.990365826251421
1345,5.831435167684388
1346,7.91341966296225
1347,7.578274524185812
1348,6.244855001654425
1349,4.927207855502035
1350,5.455799633694495
1351,9.502776518542557
1352,5.691654296484138
1353,9.701243676603173
1354,9.294327122069248
1355,2.409588231414787
1356,6.560481288983957
1357,10.0
1358,8.862071218054403
1359,10.0
1360,2.1309860926899926
1361,6.9313373476941855
1362,6.422191971642805
1363,10.0
1364,5.284942841574863
1365,10.0
1366,6.683659884117963
1367,7.375451338434177
1368,9.056746055250066
1369,8.173580251746042
1370,6.509655279367767
1371,7.4736673832586575
1372,7.213248389013737
1373,7.262667561847816
1374,3.9683458806630156
1375,10.0
1376,8.904090733554105
1377,8.180676114991153
1378,5.854807887819248
1379,5.768871774961195
1380,7.00554901267615
1381,9.427595408488807
1382,6.239508131275718
1383,9.6378676191331
1384,6.578437370526274
1385,7.661953715427219
1386,6.428451277903809
1387,10.0
1388,3.995479355651952
1389,10.0
1390,3.8966352716694583
1391,9.42218067978597
1392,5.586736314508592
1393,9.12405535960383
1394,10.0
1395,7.655270583337044
1396,10.0
1397,6.762945142359339
1398,7.184688701725121
1399,5.863591030758352
1400,9.625495070158138
1401,7.411182347341402
1402,10.0
1403,8.786534028275007
1404,8.210048652747872
1405,8.28512439006392
1406,7.983002080554833
1407,7.152940390858732
1408,8.31803154807655
1409,5.319429231099264
1410,9.719843681613208
1411,8.519049022168833
1412,9.11557616793934
1413,8.19339341451229
1414,8.173664490955819
1415,7.69224927605458
1416,10.0
1417,7.824091172820889
1418,8.926207079317088
1419,6.816184461061114
1420,7.218917977973726
1421,7.328190501866231
1422,8.307809722991788
1423,10.0
1424,10.0
1425,10.0
1426,10.0
1427,8.021737898088695
1428,9.633770999755832
1429,9.946907704626126
1430,10.0
1431,10.0
1432,7.275726803687431
1433,6.376565021861309
1434,5.167025643658437
1435,8.443561456231
1436,4.300866818902674
1437,8.34855151852135
1438,7.650944114027059
1439,6.63774247748049
1440,9.0413641581723
1441,5.429378940765034
1442,9.263307419940695
1443,9.405402515379098
1444,8.486810402998202
1445,3.989289457740675
1446,6.375282751498614
1447,4.044688843865249
1448,5.340304473073778
1449,9.635010012763951
1450,7.525970229642427
1451,6.6759522339550985
1452,8.380904187911359
1453,7.932402698522454
1454,10.0
1455,4.693549346774198
1456,8.028920759872367
1457,7.4243976953743065
1458,10.0
1459,10.0
1460,7.938545609756288
1461,9.416225229113712
1462,9.332852205344286
1463,6.303868410449135
1464,8.818661289404771
1465,7.007036098055104
1466,6.134336349601458
1467,4.282760863514716
1468,9.255665544193352
1469,7.784418812361068
1470,6.35467215982527
1471,8.715658284175435
1472,5.05537777550626
1473,9.45926053021714
1474,8.719439259513106
1475,7.24805362617803
1476,10.0
1477,7.450527015943823
1478,9.588782279325292
1479,5.479259414673569
1480,9.790270886144265
1481,9.703234600380993
1482,7.621967839179058
1483,7.022262829792066
1484,10.0
1485,7.6752621021845036
1486,7.295608095564022
1487,5.805469037401242
1488,7.328679857826252
1489,6.797946940431753
1490,10.0
1491,6.338638696175861
1492,7.656901236703579
1493,9.742226011355557
1494,10.0
1495,9.897981987708274
1496,8.206940666374415
1497,6.301572162035411
1498,10.0
1499,7.0305382621347965
1500,6.036323248864528
1501,5.478390904052461
1502,6.157618000841075
1503,6.065980667011134
1504,7.461349919292285
1505,10.0
1506,5.5484361873793855
1507,9.268354066056068
1508,9.380974788028576
1509,5.81581504983417
1510,6.60966094273109
1511,6.7433910687798395
1512,9.002906281524304
1513,5.232807525702521
1514,4.19630423036069
1515,8.266109843409316
1516,5.0069396830850454
1517,7.221221301519236
1518,9.597407793029928
1519,10.0
1520,10.0
1521,9.824913926635586
1522,9.986748832141307
1523,9.406698786722535
1524,8.954398493529556
1525,9.723334731967583
1526,2.8658992228936526
1527,9.622070099604791
1528,8.27235260409466
1529,7.035017970087775
1530,8.364230621040777
1531,10.0
1532,6.60635766143489
1533,8.516692848124908
1534,9.228869016067318
1535,8.412307474939396
1536,10.0
1537,6.27417513145281
1538,10.0
1539,9.423826043085963
1540,9.706741507372433
1541,10.0
1542,8.338882065703206
1543,9.682381766253107
1544,2.6205782483459306
1545,2.7777263972265747
1546,7.547393957745695
1547,4.2650806135587125
1548,10.0
1549,7.70889529937663
1550,7.970282569377382
1551,4.849332706137654
1552,9.856092258041631
1553,10.0
1554,5.641424427973053
1555,9.325406972804455
1556,9.250435827364486
1557,8.730294299747731
1558,4.385143316796879
1559,7.248525429567
1560,5.189611108429576
1561,6.609503067613156
1562,5.525487274135413
1563,6.505175672255513
1564,9.604978507907159
1565,4.929172400923768
1566,8.7253263770925
1567,6.546125922240945
1568,10.0
1569,8.262453225236197
1570,10.0
1571,9.46618625918558
1572,6.18904241457108
1573,6.453120622320483
1574,9.336156723430232
1575,8.869159640532713
1576,9.397921298290605
1577,6.8786139984375545
1578,7.568477495105554
1579,7.249570713103765
1580,8.059028079880765
1581,4.7886505724782875
1582,6.774972260129158
1583,6.823687306320533
1584,7.505361846029535
1585,8.198492480319334
1586,8.205849891687254
1587,8.389958884086482
1588,10.0
1589,10.0
1590,7.27101902703553
1591,7.018118257023099
1592,5.325580835159314
1593,9.307601796140961
1594,7.620482860864025
1595,10.0
1596,8.664840259181613
1597,7.3160747414940595
1598,10.0
1599,9.2304597154071
1600,7.637619028780671
1601,9.348071127041756
1602,8.25813926838904
1603,8.616475855702474
1604,9.83257027575365
1605,8.248915519858475
1606,7.457153963586664
1607,10.0
1608,7.903952121478883
1609,6.133397894084192
1610,9.276150824413785
1611,7.59902332699931
1612,10.0
1613,8.672231815652012
1614,10.0
1615,7.138215054126839
1616,5.890489521841353
1617,6.328568939325347
1618,6.319657646689155
1619,6.381750089360699
1620,7.725510730301359
1621,6.939560139259568
1622,9.785626112170412
1623,8.272070586215886
1624,7.220703387985266
1625,7.843361097046069
1626,8.96302941622973
1627,7.096724467290377
1628,10.0
1629,5.854138685798661
1630,7.559739725745613
1631,6.378126236291667
1632,4.740486612770805
1633,10.0
1634,9.244942622692989
1635,4.713719411590224
1636,6.516522061378072
1637,6.707944208155999
1638,7.268737258608383
1639,6.9615103539466405
1640,7.436209692885846
1641,9.871524279099328
1642,8.47868116315369
1643,8.782154876766963
1644,8.412976800977082
1645,10.0
1646,7.521451116191157
1647,5.745578242959997
1648,10.0
1649,9.24049065178824
1650,6.483568366223382
1651,8.664126074863187
1652,8.542502806902522
1653,9.30554612839955
1654,9.205314622709322
1655,9.191441570849896
1656,9.187644960607065
1657,9.712743354161109
1658,8.200894480800898
1659,8.936229630594863
1660,8.037096073162381
1661,8.605068260640236
1662,6.22912857900444
1663,8.143001570568977
1664,10.0
1665,10.0
1666,3.9746237152736494
1667,4.598452775928342
1668,8.388250635575432
1669,6.061280976418502
1670,8.18905918461491
1671,9.92387921067079
1672,8.97801686679583
1673,4.984997723132939
1674,8.119293870278145
1675,9.84180480270185
1676,10.0
1677,8.55013181422348
1678,9.253935437569757
1679,10.0
1680,8.774199071371568
1681,10.0
1682,6.689678380903966
1683,8.894102586819187
1684,9.50402452754997
1685,9.494002288147371
1686,4.5337495733232664
1687,8.228051968078802
1688,8.525813468013393
1689,6.805701174785054
1690,10.0
1691,9.171469428914634
1692,9.049520234435274
1693,8.33956678981051
1694,6.67111811527691
1695,10.0
1696,4.709334718539152
1697,9.09721204803979
1698,8.750117113568677
1699,10.0
1700,9.41149665145016
1701,8.55449583190644
1702,7.5272829544941215
1703,10.0
1704,8.642694900704347
1705,10.0
1706,7.944023864633744
1707,8.602905622672884
1708,5.100974970555292
1709,10.0
1710,8.440011020554493
1711,10.0
1712,8.922960242053712
1713,7.655777170912644
1714,7.071571535861457
1715,7.784254263554095
1716,4.792456606882716
1717,3.050159558466719
1718,9.321004726041727
1719,8.453351275776138
1720,8.582348687348004
1721,7.038709037610441
1722,10.0
1723,7.042265460210459
1724,9.87318697296873
1725,8.940633921301956
1726,8.988762427474764
1727,7.817389572544556
1728,7.912844092815016
1729,4.909698412072299
1730,10.0
1731,10.0
1732,9.256397502186399
1733,6.596468516815296
1734,8.537396375081213
1735,9.183475055706946
1736,10.0
1737,9.488472063098886
1738,6.550249671767608
1739,7.311620731089894
1740,6.5380398370817545
1741,7.362917075951049
1742,9.986948652535501
1743,8.064034494802302
1744,3.959743658515804
1745,8.075157908548917
1746,10.0
1747,9.47902310148369
1748,6.683132720908787
1749,5.867234730059073
1750,9.095709660959503
1751,6.621142317578463
1752,10.0
1753,6.556987931246294
1754,5.9479422829054425
1755,9.378389091206962
1756,5.266645610696656
1757,5.121157823143054
1758,7.0784835871085345
1759,5.794629018512071
1760,3.903623688200673
1761,8.665960495191854
1762,6.326710314717479
1763,8.444393550442271
1764,8.978921899103954
1765,5.085658308259083
1766,8.457623195052896
1767,9.381637514240078
1768,9.312640793057625
1769,10.0
1770,4.590939970833284
1771,9.237026241650032
1772,10.0
1773,7.826976595511647
1774,6.660333387701405
1775,6.072012886978298
1776,8.734208794010497
1777,10.0
1778,6.816498429815521
1779,8.589969733964924
1780,6.98307334943126
1781,9.515496148805429
1782,8.98913711188814
1783,7.1433599974874085
1784,9.10279089937871
1785,9.254655198953325
1786,7.012315711433814
1787,8.495183474940422
1788,6.36238234847462
1789,10.0
1790,6.14703652107615
1791,5.995146561943789
1792,6.939212057142726
1793,7.794034310003415
1794,8.641668985438676
1795,8.941852685625559
1796,8.633001573605666
1797,7.778489400382194
1798,8.787798730379325
1799,6.643629830059978
1800,6.328429109111834
1801,6.346040573247135
1802,9.54000958547162
1803,6.959956810420883
1804,7.397782928677238
1805,10.0
1806,9.468574025494148
1807,10.0
1808,8.801182106403271
1809,8.481073318601833
1810,3.592850437340795
1811,10.0
1812,7.0483318229466665
1813,9.497318040545077
1814,8.418606318588452
1815,4.542711428310396
1816,5.814303406902065
1817,9.596327885767106
1818,8.868091004202057
1819,10.0
1820,10.0
1821,8.450240818801937
1822,6.818986947878997
1823,6.3168776514067035
1824,8.21007729390471
1825,8.555459276791746
1826,6.093479544739086
1827,5.180922572226773
1828,9.317483441700574
1829,8.391504609271243
1830,9.00428613556125
1831,9.660221110820228
1832,9.469771742232933
1833,7.20848536899565
1834,9.230528854546066
1835,9.00351231999057
1836,7.446844817774508
1837,10.0
1838,9.560852753690929
1839,7.852279340261555
1840,8.079298786149874
1841,10.0
1842,9.647084279358609
1843,8.30478662245566
1844,6.356483474820146
1845,6.528244943895954
1846,5.40413779272019
1847,9.057349067064454
1848,8.965597860389185
1849,7.398975909551562
1850,5.171277468652498
1851,7.766843348440387
1852,7.0821378018477095
1853,6.4318548529442765
1854,7.477839466528212
1855,7.797124635883664
1856,7.396807000671321
1857,5.389619066433262
1858,6.016899844714639
1859,6.812241881613012
1860,9.922205997577297
1861,8.526099101803446
1862,4.198781491016078
1863,7.986974703362913
1864,5.763604709852348
1865,9.103953432653537
1866,8.159216684738723
1867,9.315327621868464
1868,8.790470247338805
1869,9.825724253919278
1870,7.085084520341328
1871,10.0
1872,7.07882930599991
1873,9.203186445244498
1874,8.084404249972064
1875,8.503348628563801
1876,8.901518998882251
1877,7.262545765094226
1878,7.666914704991895
1879,9.847449059247381
1880,8.394472936926094
1881,6.429154948880218
1882,7.7469836749708065
1883,10.0
1884,6.749932311180009
1885,7.55523147014442
1886,5.707726813917045
1887,5.676113532443816
1888,10.0
1889,8.047094749413203
1890,4.615656533518444
1891,6.671470776717644
1892,9.216827098047446
1893,4.423939001987817
1894,6.508873623030031
1895,10.0
1896,5.657906983946954
1897,7.702757389541077
1898,7.208963403548678
1899,9.412232203484166
1900,9.30760645418654
1901,5.704875239394026
1902,9.0134120041283
1903,7.322983387358214
1904,7.87210689071311
1905,5.2944901428756985
1906,7.684968284061492
1907,7.065815597597574
1908,7.803385193380693
1909,9.020431722265585
1910,7.5596122471210006
1911,7.663018728986888
1912,7.053518285791819
1913,5.365998970263519
1914,6.139958727843314
1915,6.6673826144793615
1916,6.749110697332636
1917,8.478482923795594
1918,7.438530792381248
1919,5.890193337120012
1920,8.82891101686411
1921,7.757199945558952
1922,8.802746087891478
1923,7.397108727928877
1924,4.437464488587958
1925,8.915462755751804
1926,6.672206989975402
1927,9.818258345384228
1928,7.986663486314624
1929,7.729098243815471
1930,6.709688425537907
1931,5.12508705855603
1932,4.326700562410996
1933,7.002618295163684
1934,8.38507317469923
1935,6.5160082048414445
1936,10.0
1937,7.776832250985223
1938,9.093103620382996
1939,10.0
1940,6.80169346027713
1941,9.480750110689307
1942,8.199292863634438
1943,7.264796706818665
1944,10.0
1945,7.102593715997013
1946,9.361363401164613
1947,5.762638239873634
1948,5.420023132510212
1949,9.660182519769425
1950,7.691018753967765
1951,7.280926900380766
1952,5.408384885892738
1953,8.275963846254662
1954,9.043699402991807
1955,7.342104782157893
1956,9.772041320404554
1957,9.420381925715052
1958,8.040224498348199
1959,10.0
1960,8.517805770581251
1961,7.74439571380616
1962,5.1561361253038385
1963,7.1205033943145395
1964,9.179623366938111
1965,7.20026740831813
1966,7.554731635908162
1967,6.362555992989751
1968,7.045770705785603
1969,8.999434256112664
1970,4.1056352091505826
1971,7.017955369202065
1972,10.0
1973,7.819301040858388
1974,8.049146568577806
1975,9.200811957955393
1976,4.145536021342711
1977,9.148038343095921
1978,2.1735178514472864
1979,7.830064235837641
1980,7.513969397379456
1981,7.6664665341625895
1982,6.4547905314741065
1983,6.88641351132779
1984,8.981097962974568
1985,10.0
1986,6.691987192397683
1987,6.469474906983141
1988,10.0
1989,10.0
1990,10.0
1991,6.61958160085819
1992,7.1449272125141885
1993,8.04239758682926
1994,7.113721551917653
1995,8.915364126954692
1996,4.239449011535827
1997,6.549113655950109
1998,8.139974306009332
1999,9.366639250726964
2000,9.028176588649005
2001,7.116914472478771
2002,7.539026277294242
2003,7.785964612061093
2004,6.524619219665707
2005,8.853333708533764
2006,6.728728145111475
2007,8.531444583042916
2008,9.131761480133946
2009,10.0
2010,5.771392720823474
2011,7.612405474140418
2012,4.522448674528072
2013,6.931641788213218
2014,8.523025603493078
2015,7.1543702835678555
2016,9.548279568253077
2017,9.716615248851198
2018,6.347168021904492
2019,7.282808175484484
2020,8.857782077684815
2021,9.207961234366799
2022,8.501101299245152
2023,9.471565592551263
2024,6.396126281925033
2025,9.34894046935515
2026,7.928639090304279
2027,6.428978690685968
2028,9.626965739688245
2029,7.255985100868857
2030,7.9687885339819164
2031,7.564643054671212
2032,10.0
2033,7.731502803735386
2034,8.574644641418368
2035,10.0
2036,5.8048823319902425
2037,8.18040897564605
2038,8.014061771722915
2039,8.903220590627509
2040,8.127084409176003
2041,9.269598658126627
2042,8.97457962265088
2043,5.657512986323506
2044,10.0
2045,5.21278551357539
2046,6.751265683101865
2047,7.035895805501356
2048,6.822771316649548
2049,8.11695974993081
2050,9.02255417014477
2051,9.437150501383288
2052,6.653286299067583
2053,5.80875256663264
2054,7.6440784901271215
2055,7.656136561471332
2056,8.310820695805
2057,8.071214498915737
2058,7.968297638670494
2059,6.23069940256096
2060,9.577879229120985
2061,8.389563542316077
2062,7.604526131166367
2063,7.053274439579438
2064,8.150397662256292
2065,8.491030998075278
2066,8.128133663152163
2067,6.104553475149785
2068,10.0
2069,8.365737891495785
2070,7.725566205798131
2071,8.72036094436168
2072,0.0
2073,9.284407185700651
2074,8.20874039415687
2075,6.821155029269503
2076,10.0
2077,6.815188837820491
2078,3.860223804650433
2079,7.003054886896548
2080,6.635054063769742
2081,8.071391354379314
2082,7.465893450590036
2083,5.004097552352836
2084,7.463019936179726
2085,5.613044963766253
2086,10.0
2087,5.640152184341267
2088,5.670572269954521
2089,7.544950913766865
2090,9.779779748291853
2091,9.509000979516891
2092,7.278888670192727
2093,4.831534022561792
2094,5.653643415063801
2095,9.125295298063293
2096,7.33470576131028
2097,8.636231690728973
2098,7.664345550112397
2099,7.1007626177083765
2100,9.145804466717989
2101,3.4605888220238086
2102,7.81381333791588
2103,8.9544401591562
2104,6.827026787314197
2105,7.714033499119058
2106,9.115145783779319
2107,10.0
2108,7.344880927834577
2109,7.782597748114338
2110,8.297344810406114
2111,6.990806246236438
2112,5.7074554074199675
2113,6.087283145048018
2114,8.159073476735035
2115,8.221960437187445
2116,10.0
2117,7.6237359132581854
2118,8.012508895037405
2119,6.120097017672157
2120,9.528412862539778
2121,5.608438302240696
2122,9.268750919462393
2123,7.2052872479526355
2124,7.224357663576529
2125,7.093790350169426
2126,9.152218732149088
2127,6.572462826943708
2128,7.308815709795594
2129,7.9055672435986395
2130,6.981933939328831
2131,8.464756550646682
2132,4.014989346706804
2133,9.86593379307713
2134,7.188528828089571
2135,7.488662634370696
2136,8.52451473448342
2137,10.0
2138,10.0
2139,9.180604661395169
2140,5.416147747521366
2141,9.335761725949645
2142,2.4315184474719223
2143,7.348763118774582
2144,8.745036613117522
2145,7.938768293440198
2146,5.826080099260588
2147,8.886375865648505
2148,6.04941766876027
2149,8.909003571497578
2150,8.888428971483858
2151,8.649910729276105
2152,8.603844536495913
2153,7.472481893433105
2154,7.329967842350609
2155,6.182153102530214
2156,6.8108563722536095
2157,10.0
2158,7.034701898800119
2159,4.401261133074533
2160,8.33000636653827
2161,9.077783610474157
2162,8.268302311824984
2163,7.242063248364625
2164,7.442243225934222
2165,8.106925381752356
2166,10.0
2167,9.872720130349695
2168,7.404370081527405
2169,6.868898111130614
2170,3.58215623542272
2171,4.543682152169223
2172,9.165718815397344
2173,8.95441870927124
2174,10.0
2175,10.0
2176,7.1191589100039785
2177,8.125512853828173
2178,5.880285272965683
2179,7.399904678508404
2180,8.615235691965978
2181,6.883430203278116
2182,10.0
2183,8.637256203319826
2184,4.417350341098755
2185,9.203870824315738
2186,7.235534491622311
2187,8.496049466439985
2188,10.0
2189,9.175367142925177
2190,5.560461622819607
2191,8.207400112097329
2192,7.528928550773246
2193,8.730345797061009
2194,4.287084453073385
2195,8.76383623721966
2196,7.144179843093914
2197,8.154856489334543
2198,7.670048230375354
2199,7.157718087384411
2200,5.7945953476995165
2201,9.697294411431578
2202,8.286700158907276
2203,6.597311286784626
2204,9.945054852070385
2205,4.998112166349921
2206,3.2595881880326703
2207,6.267857611653042
2208,10.0
2209,9.511595642976257
2210,9.2355749059994
2211,6.46384187086597
2212,6.083514183747325
2213,8.657092268093226
2214,8.113667867388095
2215,7.841719438410788
2216,10.0
2217,10.0
2218,8.065575702670039
2219,7.023355997155143
2220,9.151880404940115
2221,8.430095970125002
2222,8.828641628769937
2223,9.882599190449332
2224,7.279657483431485
2225,10.0
2226,7.20013781167859
2227,9.022474173426941
2228,6.382974336465568
2229,8.674609250993804
2230,2.794306622784916
2231,8.642982640640483
2232,6.76999160750828
2233,4.724852480534977
2234,9.127844301914786
2235,7.577339864628447
2236,4.911785216399215
2237,5.499554754041867
2238,7.512248793067894
2239,7.646767018452978
2240,7.408741415318621
2241,8.180473959496897
2242,9.467845137435303
2243,8.320458715378587
2244,7.574262849639696
2245,10.0
2246,10.0
2247,10.0
2248,7.723478137680205
2249,5.044606097618188
2250,7.111241967567302
2251,8.10824475555511
2252,9.819566694189884
2253,5.302140088565263
2254,7.604782224210874
2255,6.7437579396718235
2256,10.0
2257,5.718154540245012
2258,5.049414647693666
2259,4.202178805739086
2260,7.939870218184847
2261,4.783287752808512
2262,5.419657774712647
2263,8.705525819183594
2264,7.51986318713472
2265,8.000888396200022
2266,8.38114507922544
2267,7.8512795046398605
2268,8.975749537826285
2269,5.312342183759048
2270,5.405772564965714
2271,9.402104214317756
2272,6.661820388287163
2273,6.941793315239355
2274,8.346733904995414
2275,6.083001970935368
2276,6.343341133916272
2277,8.351106376207682
2278,7.710325493108744
2279,8.859321464698953
2280,10.0
2281,8.263217702287506
2282,8.525382182132875
2283,8.120885016831075
2284,10.0
2285,6.909150888046398
2286,3.731478771138425
2287,6.206872507153944
2288,7.878136199935756
2289,4.777579575618958
2290,9.527116564526287
2291,6.959413912397432
2292,8.609897997390693
2293,8.728903086228826
2294,8.302043346405197
2295,10.0
2296,6.50726840504765
2297,10.0
2298,9.018916361857931
2299,8.007018497655237
2300,7.668059052795442
2301,6.655652874637621
2302,6.740217306036243
2303,8.369116809135345
2304,10.0
2305,8.804130572742329
2306,7.498540342809619
2307,6.428150647593677
2308,5.399742780618289
2309,9.31048585751691
2310,7.329967842350609
2311,5.230953859574344
2312,9.84458541006512
2313,8.643830634750227
2314,9.710120370047774
2315,9.49539456238057
2316,9.810961884023227
2317,8.557741455043475
2318,8.497731499989742
2319,7.347906835487004
2320,2.8088541036357686
2321,9.123451872971906
2322,10.0
2323,6.0698917124261085
2324,5.185703567672055
2325,9.170830805966142
2326,7.516551067798357
2327,8.262027601909065
2328,9.083577791008864
2329,6.820575096410491
2330,8.816522180657927
2331,8.366667281274593
2332,6.349327836457842
2333,7.371534893315997
2334,5.633321116863307
2335,7.25536127704035
2336,8.061499346377248
2337,7.883748466440009
2338,7.249990110987669
2339,9.372044897829912
2340,7.995240023193878
2341,4.66959924742981
2342,6.004207634284317
2343,8.733449504104438
2344,5.006520970513932
2345,4.275773607434209
2346,9.050043604345346
2347,9.121873809192376
2348,7.571331165784212
2349,9.947478221895977
2350,8.443682912803308
2351,9.892979056614518
2352,9.7900385247792
2353,7.1278174412417705
2354,2.9424246211094403
2355,9.174504989365504
2356,7.434456603379691
2357,5.451390511996948
2358,8.044504201989456
2359,7.18047143102967
2360,9.364188890096882
2361,9.943372866723305
2362,8.826545719406655
2363,9.432913745101159
2364,9.870419924253044
2365,9.736392052100562
2366,10.0
2367,9.896180792337734
2368,6.81590255896195
2369,8.309296474668173
2370,9.123893697958184
2371,3.825970489770709
2372,7.982991952887772
2373,7.831711634074887
2374,6.2902976034866995
2375,7.065688057452707
2376,9.358815501772904
2377,10.0
2378,7.854566256553983
2379,7.901394630655164
2380,6.612968384865957
2381,10.0
2382,5.2775456637574285
2383,9.741897279009008
2384,8.921782988015126
2385,5.266243659120644
2386,10.0
2387,8.31533924200454
2388,9.180212893026328
2389,9.116843505813964
2390,9.673548045596487
2391,3.1561458343733673
2392,8.721248884478602
2393,7.356075418008726
2394,8.850351799385585
2395,6.387040031831999
2396,9.142605986231452
2397,10.0
2398,8.709903555456654
2399,8.888720503990722
2400,9.355129999158645
2401,8.233287668465053
2402,4.718463299465441
2403,6.363118699073121
2404,8.854417248499308
2405,7.524302891500346
2406,7.68450524333083
2407,8.717292206120053
2408,4.838630486618245
2409,8.113527335546962
2410,5.698276496070028
2411,8.498261085804508
2412,9.707741679613957
2413,8.208407802518845
2414,9.710359961560062
2415,9.626707685585906
2416,8.042537078191618
2417,9.532147440328066
2418,6.937678693970197
2419,8.872270886444944
2420,8.24940691200005
2421,9.659466487635372
2422,7.52886889176398
2423,5.31199702452079
2424,10.0
2425,6.738332826205886
2426,7.8752736278323034
2427,6.401672347030166
2428,5.606607006188923
2429,5.275003765989544
2430,9.696093563314943
2431,7.712493543043628
2432,9.85050175265432
2433,9.773330383398765
2434,7.475241601297417
2435,8.76736062886381
2436,8.803329842100307
2437,4.948034318342133
2438,10.0
2439,10.0
2440,8.055564154296516
2441,7.0692148928933225
2442,9.14622680890285
2443,8.675896998859393
2444,3.791056365707206
2445,10.0
2446,5.180259021826512
2447,6.420787488777313
2448,3.4372578680360917
2449,8.41422894194867
2450,7.811199901527976
2451,10.0
2452,6.521032075711096
2453,9.665604816428099
2454,7.767465644945746
2455,6.252151657905465
2456,8.854470297913782
2457,9.739426727543766
2458,6.572511995735297
2459,8.50941196411985
2460,8.838682032241444
2461,6.374041592238273
2462,9.850130376581996
2463,10.0
2464,8.647014196949906
2465,9.755438427389166
2466,4.624917333900779
2467,9.511581098718937
2468,10.0
2469,8.081693601272361
2470,8.317297550912894
2471,7.352134378575242
2472,10.0
2473,10.0
2474,7.386600765296315
2475,10.0
2476,10.0
2477,5.0283372702018605
2478,9.932485615350881
2479,5.6756478513318305
2480,9.238729974677776
2481,3.898214380984932
2482,10.0
2483,9.672501078279224
2484,10.0
2485,6.539992773697568
2486,6.501136052269311
2487,7.091619897466681
2488,4.806685724081697
2489,9.225526311141351
2490,7.701394350632073
2491,6.077618305487473
2492,7.062544804150893
2493,6.942035191014771
2494,8.6823542191164
2495,9.324197122802971
2496,5.90926306832379
2497,8.365568437361592
2498,6.538823512382503
2499,9.265172229145406
2500,8.19162149658756
2501,7.453743657054822
2502,8.975905357489586
2503,6.808428505929731
2504,8.0154610080102
2505,7.830440746964761
2506,10.0
2507,9.167231331731221
2508,6.569908061015559
2509,8.424530259702253
2510,2.76527241068181
2511,5.220016683297072
2512,9.037340884002488
2513,6.210003932937267
2514,8.61557099711926
2515,8.945108348789653
2516,7.291809020127973
2517,7.957202388914942
2518,8.916202260108472
2519,8.154114498370163
2520,9.446125784229285
2521,8.280169202276511
2522,9.929093301718313
2523,8.032371057682772
2524,7.456555883569976
2525,7.952206860294382
2526,6.679706772290361
2527,9.245868002967494
2528,6.311601700311983
2529,9.188737391355648
2530,10.0
2531,5.053569196881843
2532,8.46411870108412
2533,4.503944227330499
2534,5.030045520993793
2535,7.673991051430594
2536,5.26254997322326
2537,10.0
2538,8.791233321990678
2539,5.548395380109977
2540,7.203438769095735
2541,8.497285547527287
2542,6.552111587464182
2543,5.996216325246767
2544,6.586685791381925
2545,9.375760291209314
2546,8.417001021804255
2547,7.628605017652206
2548,5.287780196116289
2549,8.26771065733059
2550,8.242199012054307
2551,8.584814733931019
2552,7.743284609860549
2553,6.793204907669336
2554,5.311989639021105
2555,8.397096539891448
2556,6.42275561299191
2557,5.571158418946631
2558,6.743547362263531
2559,9.831488211691651
2560,5.345625424482237
2561,5.449751416867173
2562,7.619832238421408
2563,8.191057208234716
2564,5.377802869991221
2565,9.140208529847975
2566,5.42209422490716
2567,6.809591965538157
2568,8.854151081471587
2569,10.0
2570,8.247749557398528
2571,6.063361247905639
2572,8.887583086323872
2573,5.181683967145791
2574,10.0
2575,7.850559408943507
2576,10.0
2577,6.261940889089681
2578,10.0
2579,7.2443394209287835
2580,8.845600064253933
2581,3.923159406719252
2582,10.0
2583,7.824726745261088
2584,10.0
2585,10.0
2586,7.7361956545065995
2587,10.0
2588,10.0
2589,8.97848057968081
2590,9.040554467503675
2591,9.286743253765614
2592,7.581288272343762
2593,8.926789656216977
2594,7.186367885516255
2595,10.0
2596,6.867627628240053
2597,10.0
2598,9.069927252232485
2599,10.0
2600,8.09251889103904
2601,10.0
2602,10.0
2603,8.274302323706515
2604,6.939580696059295
2605,7.473810853975673
2606,7.043995105463404
2607,9.35037493625975
2608,4.6496807699910185
2609,2.6633047799102645
2610,8.506579063211419
2611,7.0069489641585285
2612,6.60688994153686
2613,9.311741399794492
2614,7.717648732243994
2615,9.423938260139543
2616,6.915595596085145
2617,8.863799277880013
2618,4.010456731592765
2619,8.633968373576476
2620,9.022992686569925
2621,7.8006060690676335
2622,5.268170222802377
2623,9.307642616543864
2624,7.659196948935712
2625,7.536866129519957
2626,9.575837803205483
2627,8.313380673768307
2628,9.777501958097588
2629,8.356939434936855
2630,10.0
2631,8.350934719163678
2632,8.643975105955352
2633,9.753531508091516
2634,7.901624922121341
2635,7.343450254249326
2636,8.707924172782576
2637,6.271624552824914
2638,9.251094199277995
2639,7.8978089539724285
2640,8.135040863052359
2641,7.34700307025151
2642,6.105726236475586
2643,5.292034396596205
2644,4.870318587885935
2645,10.0
2646,9.274360147804286
2647,5.102334663102914
2648,7.249145888191906
2649,6.616481191032314
2650,9.224662112040214
2651,7.87179160283946
2652,8.702306372917032
2653,7.700422189488423
2654,3.599012841065271
2655,10.0
2656,8.574846183949338
2657,9.558392378258805
2658,9.933455559528745
2659,8.284562750450336
2660,6.301321281906228
2661,8.121614804020503
2662,5.371066121127404
2663,7.721495984545356
2664,7.793764926362766
2665,8.154833173563452
2666,10.0
2667,7.458525125814212
2668,5.85640934683553
2669,10.0
2670,7.950638088060849
2671,7.342647454685796
2672,7.529676387769989
2673,9.74953041049211
2674,6.726753656899573
2675,8.06902786586493
2676,9.14917118150025
2677,6.374026341973993
2678,10.0
2679,8.293690119305586
2680,7.695277468939172
2681,8.99878693160667
2682,7.871706286912682
2683,7.50826175267996
2684,5.981264674313758
2685,7.79900298862233
2686,8.499881107338721
2687,9.252851951534877
2688,10.0
2689,9.786550305330895
2690,10.0
2691,5.741412696508988
2692,8.696916109801741
2693,8.96795050369716
2694,5.917573598530359
2695,9.942456351992078
2696,7.486997517173055
2697,9.973211393169896
2698,10.0
2699,5.886309180309697
2700,3.71357190364074
2701,9.321574250089888
2702,8.013301542918175
2703,7.416476107822553
2704,10.0
2705,10.0
2706,10.0
2707,8.521282125163792
2708,7.754787767026632
2709,9.733956327301964
2710,8.617233483568
2711,10.0
2712,8.50948204722277
2713,7.963037018804577
2714,10.0
2715,7.000720863999744
2716,5.676647292233769
2717,8.614789216878325
2718,6.395019205044897
2719,8.070310028950061
2720,8.450121170470124
2721,7.956535723180815
2722,8.57052600330779
2723,8.822522745006882
2724,8.224788959898845
2725,7.938632283362107
2726,10.0
2727,9.852385300003116
2728,5.347073468539869
2729,7.816714378495224
2730,7.050290384819232
2731,5.91979069501398
2732,6.6190734497770745
2733,7.607948695814864
2734,7.239157690360544
2735,10.0
2736,7.720583285431273
2737,8.274665854782397
2738,9.430456639857558
2739,8.158128563729859
2740,9.265481530310725
2741,6.184571904368774
2742,8.302199967814559
2743,9.183695816082368
2744,8.066827069111515
2745,8.891288763666653
2746,6.572879265822582
2747,8.102667796623562
2748,6.017978178814005
2749,4.513988201457815
2750,5.215679827288632
2751,3.5963310567721534
2752,10.0
2753,10.0
2754,7.0200129119595065
2755,9.175299265148055
2756,6.751131281757237
2757,10.0
2758,8.346021983980922
2759,8.781138597368159
2760,9.960300717300292
2761,9.088816549747255
2762,8.227394494681926
2763,9.162013407933495
2764,7.9264963721586525
2765,8.289838068318142
2766,5.576814216676031
2767,10.0
2768,9.454912161020651
2769,8.850998307107478
2770,8.241217431844303
2771,10.0
2772,8.26810487408883
2773,8.582208981326952
2774,8.809724745753455
2775,9.23400158712624
2776,4.970053141134418
2777,7.469710380314395
2778,5.839096732202529
2779,10.0
2780,9.079659699435298
2781,8.248099901191928
2782,9.248607069840443
2783,7.589123258436167
2784,8.620129089357462
2785,8.014017992688016
2786,10.0
2787,7.907149426732646
2788,4.805277460459874
2789,9.001608618038732
2790,8.750017168012818
2791,10.0
2792,9.819040675541595
2793,8.924514652217518
2794,9.456613983120178
2795,8.184843354059058
2796,6.127607630451257
2797,8.826512396883013
2798,7.202528100311183
2799,8.29570893689844
2800,6.255687646695166
2801,5.985978573510035
2802,6.827557361234295
2803,9.652217589535782
2804,8.414191351823778
2805,6.099327671416624
2806,9.765428743517402
2807,2.380638196602188
2808,7.6659651907117805
2809,8.28592790118658
2810,7.175370216026562
2811,10.0
2812,8.754064520769864
2813,7.666740336231593
2814,6.004799016005971
2815,10.0
2816,8.903595649572589
2817,10.0
2818,5.787484745218292
2819,9.844498633819558
2820,8.576506307787621
2821,9.52077141009869
2822,7.339498059494864
2823,10.0
2824,4.311219804392451
2825,9.595011571970192
2826,9.919616067152965
2827,7.955326451685709
2828,8.103729023486464
2829,8.70170743168639
2830,8.227900264164825
2831,8.492318024172937
2832,6.944996064732906
2833,7.8912563693640045
2834,8.605571956432671
2835,7.977343026238727
2836,10.0
2837,9.295694644816113
2838,10.0
2839,5.226220600619062
2840,4.703658686969634
2841,5.302100442928844
2842,5.503902050776077
2843,7.9214909914739255
2844,6.724886330835014
2845,7.789493498685546
2846,9.184776700280729
2847,9.440903728469772
2848,10.0
2849,9.191350726448588
2850,10.0
2851,9.146704144646028
2852,8.42373686557386
2853,3.047891377389649
2854,10.0
2855,10.0
2856,6.984816966942288
2857,3.8131086713378846
2858,10.0
2859,5.787120143624241
2860,8.025844130485048
2861,9.758395991404766
2862,6.173216096930476
2863,8.681559829316772
2864,6.303967485861718
2865,6.05123928574366
2866,8.562456840855148
2867,6.064094798611796
2868,8.296628736648275
2869,10.0
2870,8.668480879372629
2871,9.50742901410473
2872,10.0
2873,9.39381713718723
2874,6.9949485208726365
2875,9.511570702023104
2876,8.527460283050203
2877,5.340683562353924
2878,9.869254115318443
2879,8.325485440499474
2880,10.0
2881,10.0
2882,8.942445684067836
2883,2.6675040499138305
2884,8.76590034926496
2885,8.752224921448338
2886,9.286113853099723
2887,7.94011209455305
2888,7.132752302548571
2889,8.07769223470714
2890,8.035110993085935
2891,7.945542009426077
2892,7.780637254373634
2893,7.287218102419462
2894,5.962380583257036
2895,6.619312273416096
2896,8.498797636065092
2897,6.7667086586352765
2898,8.070715305399563
2899,6.602986800379025
2900,7.901839059458705
2901,8.24638052301838
2902,6.608666834374065
2903,5.4711347246863715
2904,7.99626080792984
2905,10.0
2906,10.0
2907,9.628991884738104
2908,10.0
2909,9.906975876501058
2910,8.56783953069749
2911,9.488255714040937
2912,8.55927183217138
2913,3.429863853912371
2914,10.0
2915,9.727063841508748
2916,7.214478505535042
2917,8.62773618345846
2918,10.0
2919,8.827516485680562
2920,6.841740156425907
2921,5.960925134520533
2922,7.2686484503251325
2923,6.403424658980631
2924,10.0
2925,8.970482079733307
2926,9.804895118939754
2927,7.959433128604823
2928,10.0
2929,10.0
2930,9.032335320631166
2931,7.528599463766669
2932,10.0
2933,5.79454088076138
2934,7.205878387117194
2935,9.220796112807687
2936,9.272503748589866
2937,8.026562279664445
2938,7.083962934352941
2939,8.139627484528095
2940,8.468630014052916
2941,7.2956591282567125
2942,5.250650959290695
2943,10.0
2944,7.926750973717814
2945,6.211437510799126
2946,5.743622234112043
2947,4.442759356735665
2948,8.76185098816228
2949,3.9248074645828135
2950,8.10453916269283
2951,9.179872731888329
2952,6.9109707144605235
2953,8.584979600275187
2954,6.020568358862121
2955,8.91794041707608
2956,9.17991354150715
2957,6.553952471310076
2958,5.639680047665034
2959,7.354579474512528
2960,8.439125128888154
2961,6.311582186003431
2962,6.974135375057516
2963,8.73219302926707
2964,9.327928410028887
2965,9.868136215173518
2966,5.174809302639185
2967,9.444577325139019
2968,7.005303992066329
2969,8.454937163540473
2970,6.659265297260259
2971,7.550993486593525
2972,8.235090972851676
2973,10.0
2974,5.314135418969903
2975,10.0
2976,9.580269087563133
2977,5.304821739591202
2978,8.598954699896016
2979,9.643994949156436
2980,8.5000254018284
2981,7.607995140532578
2982,9.279262125662001
2983,6.612064530333614
2984,8.502856892791481
2985,4.624797599268181
2986,8.927419473162464
2987,7.250574792015183
2988,10.0
2989,3.9040347258276062
2990,8.956660067998264
2991,9.998960571026798
2992,8.024293417399878
2993,6.9215800106067285
2994,9.108149610782764
2995,10.0
2996,7.444770530533791
2997,8.712174961645795
2998,9.82991784118187
2999,9.850556448096526
3000,9.961921391605795
3001,7.128830004463783
3002,8.303114210971064
3003,5.031528202495195
3004,6.290847162190246
3005,5.42895863956517
3006,8.108166354232067
3007,4.7969744111748325
3008,10.0
3009,5.000835100583641
3010,9.558672735294476
3011,7.951183711974927
3012,8.581940086090572
3013,7.284261305033813
3014,10.0
3015,10.0
3016,6.991376526485373
3017,7.703184073280246
3018,6.989450549497585
3019,7.760350588744922
3020,8.6580408187508
3021,4.502564661974175
3022,8.41116277012601
3023,8.396310284822102
3024,8.311723871534447
3025,8.20941681392943
3026,10.0
3027,9.602093164571226
3028,9.432290101812178
3029,6.548024984009799
3030,9.400568506938285
3031,6.223393724767302
3032,9.528388263275488
3033,8.480735826153806
3034,10.0
3035,5.481500478353796
3036,1.1668849942856712
3037,5.6934327613970375
3038,7.465081220124237
3039,4.148620218117172
3040,9.023308368272694
3041,10.0
3042,5.115612815783473
3043,8.055558678758322
3044,6.280437768463482
3045,7.678022381036715
3046,8.227126934395352
3047,6.847961161659949
3048,8.159715500440736
3049,8.034709709840913
3050,7.873929719019673
3051,9.432901116953495
3052,7.839567998888608
3053,8.542262711745416
3054,7.630549759552338
3055,7.34320351774098
3056,9.734966073944694
3057,7.78570628247094
3058,9.380986160132533
3059,9.076151268181707
3060,7.299606520429686
3061,3.805622010455629
3062,7.984856412408472
3063,8.952914293252991
3064,8.081407567639216
3065,8.433367264713501
3066,9.55667169794649
3067,9.142619039622348
3068,9.770594966810588
3069,5.338002935107513
3070,8.146431961825503
3071,2.937567829592414
3072,9.015275937268601
3073,7.635173383197163
3074,9.964411908944584
3075,9.56563483675351
3076,6.956916415581699
3077,8.305473314291342
3078,6.009893706207487
3079,9.476193894149652
3080,8.441051193812067
3081,6.883325395612954
3082,6.920141298319076
3083,10.0
3084,6.845261512101792
3085,8.938237147046493
3086,7.266901875644696
3087,7.445292247498633
3088,3.828263239925457
3089,8.083857498695115
3090,9.367984607198306
3091,5.300091464477512
3092,6.998688242871181
3093,6.995794138931971
3094,5.1905595971126175
3095,5.435334660651108
3096,8.668201054159674
3097,8.586702111058283
3098,9.436751698161373
3099,6.868775606766869
3100,10.0
3101,6.760123284835383
3102,8.364276463804238
3103,8.743569801273116
3104,8.383242011328857
3105,8.161863378534068
3106,7.9189797884763
3107,8.812429716862365
3108,6.539151156184127
3109,8.526006890060899
3110,10.0
3111,6.227897959118577
3112,9.80181080349719
3113,9.141530737843311
3114,7.944133730763303
3115,9.634210361360104
3116,8.955113119290681
3117,7.755698307507095
3118,9.504689498667247
3119,9.774925682902627
3120,4.828851227220342
3121,7.438189241106283
3122,6.933898698059014
3123,3.163167046039934
3124,8.597453806658047
3125,5.4819131322138315
3126,8.395644276438013
3127,8.634884858809219
3128,6.023950678146674
3129,8.034368829482194
3130,8.652770865157734
3131,3.3442607246262934
3132,5.888234939928777
3133,7.244616978739609
3134,8.745872779443173
3135,7.536722826424429
3136,8.840032850118302
3137,3.806746251203469
3138,7.916934763575439
3139,7.6735418721295545
3140,7.334903214579507
3141,4.738120943868678
3142,7.148636647053774
3143,7.130428533039311
3144,9.034108997714362
3145,8.981584667336378
3146,10.0
3147,8.940187835583012
3148,4.379652391404566
3149,8.941440363167601
3150,8.638414953616765
3151,5.14795508204107
3152,7.110468171350862
3153,8.918780790647642
3154,4.28697121131364
3155,4.15068257570149
3156,9.886696253357933
3157,7.615557777316766
3158,9.628598805554082
3159,8.982723405626949
3160,8.037155926383562
3161,3.29896502856322
3162,3.5940280870662287
3163,8.150098437784921
3164,7.268651109624258
3165,2.946868027188396
3166,6.385941589694189
3167,8.591757833510698
3168,10.0
3169,3.2587288412598934
3170,8.630690111519671
3171,8.020432473096626
3172,9.91240939912742
3173,6.659363803772264
3174,5.506936831209929
3175,8.383861878621037
3176,7.21090586975288
3177,8.73050546942861
3178,10.0
3179,6.285100703026032
3180,6.578976861637624
3181,6.309282451491837
3182,7.583005075110622
3183,9.98690252709098
3184,7.493127392349013
3185,8.392906071553393
3186,7.673246836218144
3187,7.734075742574053
3188,6.294380089154711
3189,8.591340398947175
3190,8.248202237214384
3191,6.559198779725791
3192,4.370146932726048
3193,8.340473644177038
3194,8.907431804730297
3195,7.1474709885403875
3196,4.782619415625909
3197,6.743121558461203
3198,5.564599770199502
3199,9.65419184091572
3200,8.478090422134477
3201,10.0
3202,8.539739166965392
3203,3.9197594165633323
3204,9.125267712016111
3205,9.621483040043147
3206,6.108321876033196
3207,9.44148899737687
3208,1.4322698177862119
3209,6.9272007378424805
3210,10.0
3211,5.815705197921184
3212,8.916206469083138
3213,9.068249667864514
3214,9.972594353152733
3215,7.815482727971178
3216,7.280665089534053
3217,10.0
3218,9.139733458932628
3219,8.104568894809645
3220,3.986517043084774
3221,9.216395647821779
3222,8.313251996082542
3223,6.7745647423769135
3224,10.0
3225,7.600441499186239
3226,10.0
3227,9.44580062252478
3228,7.302713859229785
3229,6.380075381542753
3230,6.687325223429733
3231,8.361189674821556
3232,7.299164833217965
3233,8.524923098760368
3234,10.0
3235,9.050720895662653
3236,8.56326246785862
3237,9.128853648986146
3238,6.800942623121983
3239,8.630570210257394
3240,5.367898760703088
3241,5.168329152007974
3242,8.496939301682803
3243,6.86699892862956
3244,7.328648198904029
3245,6.728198239189516
3246,2.6073900309791007
3247,9.637125408792839
3248,10.0
3249,6.4272363961128995
3250,9.031912163623538
3251,9.694977419139304
3252,9.520069298190009
3253,5.993284248096403
3254,7.766056686732996
3255,8.536007840394962
3256,5.439017925933271
3257,5.473333291388192
3258,7.591135542521853
3259,9.312538707203453
3260,7.815664167572477
3261,8.318499080994606
3262,9.548792133025735
3263,9.340733574581261
3264,7.642741604196629
3265,2.9630643454831365
3266,4.461900790382586
3267,9.140712212825658
3268,7.576091846515665
3269,7.785924176709832
3270,9.785795928517317
3271,9.183136322730315
3272,8.143243525751679
3273,7.6175849393382595
3274,4.624077527534734
3275,10.0
3276,6.260166887908319
3277,5.814022339963973
3278,7.530026180078539
3279,10.0
3280,5.92531564287452
3281,8.856219453456827
3282,6.3943875582159055
3283,9.581510700579615
3284,7.836197864936457
3285,8.430514492843043
3286,8.259653532688475
3287,8.394768576684761
3288,8.8761334610511
3289,10.0
3290,9.252857836786017
3291,7.495054915237127
3292,8.023566094146137
3293,5.836020567432323
3294,8.023200962609323
3295,6.796105975788514
3296,8.723917152957682
3297,10.0
3298,8.788417564786315
3299,7.2405089611561735
3300,7.989562722768792
3301,5.287385490652008
3302,7.509064180361484
3303,7.845682689317364
3304,10.0
3305,10.0
3306,8.887827596593148
3307,6.760182195804065
3308,5.019449949739529
3309,10.0
3310,3.9969007856208165
3311,6.294850533036949
3312,9.497398517274199
3313,5.978580291107614
3314,5.729893501641625
3315,9.70563491465027
3316,9.956441201159514
3317,4.511639340732705
3318,7.323051745131252
3319,8.936157973231438
3320,8.854319994620198
3321,8.112395084938761
3322,7.964839837352746
3323,7.846681299485883
3324,6.761180775390907
3325,7.9189894685737645
3326,6.6081871417455185
3327,8.177079037004559
3328,6.867241948742431
3329,7.6364675202974155
3330,8.633622064923577
3331,8.517135223860597
3332,4.097667786443042
3333,9.05787269379903
3334,9.837089028409341
3335,4.532690724667162
3336,5.669468304229044
3337,10.0
3338,4.771743286110031
3339,9.52621068349741
3340,7.478312773070671
3341,9.90419989486528
3342,9.194295855665906
3343,7.225180741399142
3344,9.844151761828401
3345,2.84067076183333
3346,7.792260776197988
3347,8.771656343450143
3348,9.352293461979496
3349,10.0
3350,9.137814755105596
3351,8.458361123109047
3352,7.007956622808262
3353,8.087548956968881
3354,9.444845302207053
3355,10.0
3356,6.264283317475897
3357,10.0
3358,8.635873019600233
3359,6.398062420963363
3360,8.561573563494314
3361,4.14083322255466
3362,7.913616064733516
3363,8.495361993527682
3364,3.5368784540311307
3365,9.255855399196655
3366,5.1712971103205945
3367,6.870736421759091
3368,4.392689682497669
3369,10.0
3370,7.823086865275336
3371,6.3189929124898185
3372,6.076805794657541
3373,7.694074415049533
3374,7.559379003343185
3375,5.903116353144204
3376,8.266385797889416
3377,6.5360223108635855
3378,8.173893081989398
3379,6.990859817711948
3380,9.106834522337481
3381,7.13451375660666
3382,8.780650398216025
3383,10.0
3384,6.521578589040059
3385,5.134266883311348
3386,9.677906825034347
3387,5.878997572995564
3388,9.336356168115103
3389,5.879975198072066
3390,8.329675495534065
3391,8.469978932838853
3392,8.564534045239606
3393,10.0
3394,5.271113219478412
3395,9.625029528579912
3396,8.393393526904354
3397,5.990588153974551
3398,9.213411786370234
3399,6.805121173774132
3400,8.02613743106225
3401,6.825347808863324
3402,10.0
3403,7.425404602138185
3404,7.799009913971778
3405,7.520863697025245
3406,7.020774561324995
3407,6.6530436731401466
3408,9.782190652788803
3409,9.166236415606946
3410,8.377906456015644
3411,6.4690779432177745
3412,9.409454555119142
3413,7.143486471585973
3414,8.493759027329961
3415,7.853009107982539
3416,8.037195304708488
3417,10.0
3418,8.61117328362015
3419,7.219980506743163
3420,6.926345131048846
3421,6.89673943269974
3422,6.235899351730232
3423,6.330327710841591
3424,8.081044052047451
3425,7.557702872872042
3426,6.565062463795426
3427,2.5136091315190168
3428,10.0
3429,8.540529303957218
3430,4.900965735846704
3431,8.999946045877827
3432,9.514319753861898
3433,4.121177039738788
3434,8.428057394940978
3435,5.014956808813073
3436,10.0
3437,6.871187115926243
3438,9.874465760868285
3439,9.33558477815911
3440,6.05582515425875
3441,8.246614390314594
3442,10.0
3443,8.90394927070119
3444,9.407156799264694
3445,9.539818382770573
3446,6.054889188267419
3447,6.287973877660935
3448,8.534733245799217
3449,9.975059959892167
3450,8.3595942631749
3451,7.765581939135889
3452,10.0
3453,7.734434858964006
3454,6.584885830880422
3455,6.1971460682757
3456,7.2637297041824915
3457,5.228473773352185
3458,9.27897654254406
3459,8.123143042679118
3460,7.755676919789787
3461,9.616899140419775
3462,6.258661731316307
3463,7.781058657349845
3464,4.6735516294543045
3465,10.0
3466,9.535868953995138
3467,5.345939997433767
3468,4.465552616670628
3469,8.567838236809148
3470,10.0
3471,7.083857954845559
3472,6.979146741659054
3473,8.640764894078538
3474,6.113405281070535
3475,8.630207412097734
3476,8.093893550646081
3477,6.138677545445718
3478,5.604733075886905
3479,7.9959051528321465
3480,8.35375493827115
3481,4.890271452216916
3482,8.700901000908846
3483,8.77389390795472
3484,5.727482643845989
3485,9.271834188818069
3486,7.636670640564278
3487,10.0
3488,7.915040677096167
3489,6.202251747910207
3490,6.566269517124163
3491,6.5961623324313745
3492,5.93906508275315
3493,5.102082012251351
3494,7.47216044350653
3495,10.0
3496,6.054061831428359
3497,8.938607812279633
3498,9.304131795695447
3499,6.895720391400904
3500,7.811410687309275
3501,6.263938249093718
3502,8.803305057338404
3503,8.396431967304945
3504,5.638592560957616
3505,6.652899268367722
3506,7.746481320833932
3507,7.9365023948126705
3508,7.053395492365951
3509,9.226077256097758
3510,7.3090707083118795
3511,10.0
3512,6.499791705925858
3513,8.042927416033793
3514,10.0
3515,6.539389895481017
3516,6.8377454063681515
3517,9.576203832121331
3518,9.333129944813464
3519,10.0
3520,8.758775581108704
3521,9.268623832427124
3522,2.9462388501163215
3523,10.0
3524,10.0
3525,5.461056432019597
3526,9.576203832121331
3527,7.1326500301563875
3528,4.746880845417559
3529,8.079829179227648
3530,8.677997537934449
3531,10.0
3532,4.144680764674565
3533,7.75730531930172
3534,8.216904392802709
3535,8.312315387299522
3536,7.498578533180367
3537,10.0
3538,7.897621013516964
3539,7.997823284888572
3540,7.8094182796928395
3541,7.929601397588885
3542,5.440918717872659
3543,6.758169799727129
3544,7.9096736183775285
3545,9.588823243321308
3546,6.36112605472022
3547,7.205918374387322
3548,5.156611318496815
3549,7.9949851963633805
3550,7.781128383130197
3551,4.807319263338025
3552,6.790912695910681
3553,8.865966021026429
3554,6.584980543441645
3555,5.249771321630376
3556,6.478602634691002
3557,10.0
3558,8.900068096406875
3559,8.394590479959215
3560,7.2721055441516045
3561,7.5866904533189015
3562,7.526735154183644
3563,6.889278243611164
3564,9.30114295041014
3565,6.908395705759853
3566,10.0
3567,9.769342893227273
3568,8.555385067314116
3569,8.034396110568593
3570,8.767612190475223
3571,3.3708941612484224
3572,4.945491180275816
3573,10.0
3574,10.0
3575,8.73709246037253
3576,10.0
3577,10.0
3578,5.229117070792356
3579,9.085233728646077
3580,6.767113615945881
3581,7.123816634676645
3582,9.261757434742435
3583,8.7629770747325
3584,5.5246128898494895
3585,6.767559770170999
3586,10.0
3587,6.388479219124701
3588,9.868716056308616
3589,8.810431080698578
3590,8.42976971715102
3591,6.449666111693492
3592,8.40387219115693
3593,2.3927925320876433
3594,9.020755956692062
3595,4.733038263836944
3596,9.274945400926132
3597,2.2650081299417675
3598,8.580089145792815
3599,9.649886099934239
3600,7.580624204291482
3601,7.662605329836612
3602,8.551270944420224
3603,10.0
3604,8.814600044373297
3605,7.961136778834883
3606,8.91392786340872
3607,7.554579632022494
3608,7.899855022581635
3609,7.287021251631632
3610,4.699194936954134
3611,9.347187635751203
3612,9.49816427677754
3613,7.852538999466542
3614,5.8779294757725395
3615,5.526406536796328
3616,4.872896618231048
3617,9.685228026325666
3618,9.910212639198363
3619,10.0
3620,8.173025525803222
3621,7.788676640802851
3622,9.46841741809312
3623,3.963941110159622
3624,7.708984053866453
3625,6.5740142189693795
3626,7.8003443234977965
3627,8.982304343564417
3628,10.0
3629,6.238712439794439
3630,8.385646335706607
3631,10.0
3632,5.677756358737516
3633,7.562484291551012
3634,4.354766711232928
3635,8.63094869062558
3636,9.486833595421478
3637,4.9274757194567425
3638,6.822071663982365
